category,avg_profit
Fashion accessories,0.3929153812252043
Electronic accessories,0.39315035799522746
Health and beauty,0.4002631578947357
Food and beverages,0.400344827586206
Sports and travel,0.3822289156626493
Home and lifestyle,0.39457964601769396
