payment_method,avg_rating
Ewallet,6.476707034269518
Cash,5.415938864628821
Credit card,5.41578947368421
