branch,avg_profit_margin
WALM052,0.5700000000000002
WALM051,0.5157352941176473
WALM009,0.480000000000001
WALM030,0.48000000000000087
WALM029,0.48000000000000037
WALM021,0.48000000000000037
WALM013,0.48000000000000037
WALM018,0.48000000000000037
WALM041,0.48000000000000037
WALM033,0.48000000000000037
