sales_hour,hourly_sales,sales_rank
15,142016.77000000002,1
16,134918.07,2
19,128581.06,3
17,116301.16,4
18,113072.8,5
20,109066.74,6
13,66288.74,7
14,61472.380000000005,8
10,60756.22,9
11,60700.79000000001,10
12,57820.649999999994,11
7,35325,12
9,34295,13
6,30839,14
8,29591,15
21,15182,16
22,13236,17
23,263,18
